path,path_length,mpnet_surprise_corr,mpnet_curiosity_corr,paper_surprise_corr,paper_curiosity_corr,surprise_small_jumps_rate,surprise_medium_jumps_rate,surprise_large_jumps_rate,curiosity_small_jumps_rate,curiosity_medium_jumps_rate,curiosity_large_jumps_rate
Animation;The_Lion_King;Television;Technology;Integrated_circuit,5,0.8073645790829069,0.9897769291279881,0.7201609849363538,0.933984782264961,0.0,0.0,1.0,0.0,0.33,0.67
Ant;South_Africa;Europe;World_War_II;Adolf_Hitler,5,-0.9615305920144009,0.8435865687627219,-0.9316307378060292,0.7924550737053592,0.0,0.33,0.67,0.0,0.67,0.33
Arithmetic;Algorithm;Clock;Solar_System;Moon,5,0.7696830549234727,0.73008827767949,0.9803637140760539,0.935902628917894,0.33,0.33,0.33,0.33,0.67,0.0
Art;Medicine;Human;Organism;Bacteria,5,0.7660802421986793,0.9976659102336781,0.877536724069459,0.7562186210328766,0.0,0.33,0.67,0.0,0.33,0.67
Atlantic_slave_trade;Continent;Earth;Dinosaur;Pterosaur,5,-0.8495334908237618,-0.7639366275724451,-0.9124210579836665,-0.8153366990770703,0.67,0.0,0.33,0.0,0.33,0.67
Bamako;Sub-Saharan_Africa;Europe;<;Guinea,5,1.0,-1.0,0.9812214519137292,-0.9485981347591729,0.67,0.33,0.0,0.33,0.33,0.33
Battle_of_Alesia;France;United_States;President_of_the_United_States;Ronald_Reagan,5,0.988578032453654,-0.989871394102756,0.9066925676131962,-0.9444245354855862,0.0,0.33,0.67,0.33,0.67,0.0
Battle_of_Alesia;France;United_States;President_of_the_United_States;Ronald_Reagan,5,0.988578032453654,-0.989871394102756,0.9066925676131962,-0.9444245354855862,0.0,0.33,0.67,0.33,0.67,0.0
Bird;19th_century;Germany;World_War_II;Adolf_Hitler,5,-0.7142153272249984,0.872777298979866,-0.8846882800312558,0.7699300897019444,0.0,0.67,0.33,0.0,0.67,0.33
Bird;People%27s_Republic_of_China;Russia;Nazi_Germany;Adolf_Hitler,5,0.9055173692609595,0.903212301186845,0.721091041743342,0.8728884966196047,0.0,1.0,0.0,0.0,1.0,0.0
Bird;Latin;United_States;World_War_II;Adolf_Hitler,5,-0.8292897291575816,0.81028782858244,-0.7295583149797527,0.8171656625415283,0.0,0.67,0.33,0.0,1.0,0.0
Bird;Latin;United_States;World_War_II;Adolf_Hitler,5,-0.8292897291575816,0.81028782858244,-0.7295583149797527,0.8171656625415283,0.0,0.67,0.33,0.0,1.0,0.0
Bird;People%27s_Republic_of_China;Russia;Nazi_Germany;Adolf_Hitler,5,0.9055173692609595,0.903212301186845,0.721091041743342,0.8728884966196047,0.0,1.0,0.0,0.0,1.0,0.0
Bird;People%27s_Republic_of_China;Russia;Nazi_Germany;Adolf_Hitler,5,0.9055173692609595,0.903212301186845,0.721091041743342,0.8728884966196047,0.0,1.0,0.0,0.0,1.0,0.0
Bird;People%27s_Republic_of_China;Socialism;Nazism;Adolf_Hitler,5,0.8280687822470315,0.7626116806008407,0.7588245607693543,0.7688080398087717,0.67,0.33,0.0,0.0,0.67,0.33
Black_Death;Alchemy;Gold;Periodic_table;Rhodium,5,0.904828501991504,0.7203280375174158,0.8261896510487712,0.8547507338005064,0.33,0.67,0.0,0.33,0.67,0.0
Black_Death;Cattle;Meat;Poultry;Chicken,5,0.9262253487982339,0.8929858714984165,0.9920795937801423,0.9012498792664375,0.33,0.33,0.33,0.0,0.33,0.67
Black_Death;Cattle;Meat;Poultry;Chicken,5,0.9262253487982339,0.8929858714984165,0.9920795937801423,0.9012498792664375,0.33,0.33,0.33,0.0,0.33,0.67
Black_Death;Cattle;Meat;Poultry;Chicken,5,0.9262253487982339,0.8929858714984165,0.9920795937801423,0.9012498792664375,0.33,0.33,0.33,0.0,0.33,0.67
Bolivia;Mining;<;Gold;Platinum,5,0.9999999999999999,-1.0,0.9310581478356191,-0.8405834595192475,0.67,0.33,0.0,0.33,0.33,0.33
Brazil;Agriculture;Nitrogen;Hydrochloric_acid;Hydrogen,5,0.8557380649479528,-0.893443870723679,0.8681176902472459,-0.9557044714856129,0.67,0.33,0.0,0.67,0.33,0.0
Cat;Cyprus;European_Union;World_War_II;Adolf_Hitler,5,-0.9206045794270846,0.7926107149014564,-0.8703415678460916,0.8924638949314063,0.0,0.67,0.33,0.33,0.67,0.0
Chromium;Chemical_element;Periodic_table;Uranium;Nuclear_power,5,-0.7389874575366919,-0.962163152318584,-0.8523768844390044,-0.7816089636686938,0.67,0.33,0.0,0.0,0.67,0.33
Chromium;World_Health_Organization;English_language;England;Henry_I_of_England,5,-0.8352565571299846,-0.964314780427037,-0.9558858454390762,-0.8824576094028854,0.0,1.0,0.0,0.33,0.0,0.67
Dinosaur;Tanzania;<;Mongolia;China,5,1.0,1.0,0.9763226493587943,0.9795495482769093,0.67,0.0,0.33,0.67,0.0,0.33
Dinosaur;Bird;Jurassic;United_States;Computer,5,-0.8033513221144024,-0.9560172899686981,0.9534964331696568,0.9055369280028455,0.0,0.33,0.67,0.33,0.33,0.33
Dinosaur;Tanzania;Africa;North_Africa;Libya,5,0.8734117711134094,0.8132821523960515,0.8054922481591151,0.7355140902408478,0.33,0.33,0.33,0.33,0.33,0.33
Dog;Animal;Aristotle;Astronomy;Venus,5,-0.8147709896811188,-0.8458803601124281,-0.7471153000538461,-0.7091088557538782,0.33,0.33,0.33,0.0,0.33,0.67
Europe;Greek_mythology;Deity;Universe;Big_Bang,5,-0.8328882221225661,-0.8807290788377361,-0.9326971822840541,-0.8324106139728616,0.0,0.67,0.33,0.0,0.67,0.33
Flower;Latin;Europe;World_War_II;Adolf_Hitler,5,-0.9397287108222455,0.9408224354868616,-0.908657338346825,0.9050087043198828,0.33,0.33,0.33,0.0,0.67,0.33
Honduras;Africa;Libya;<;Tripoli,5,-1.0,0.9999999999999999,0.7099482560320108,0.9755291573941476,0.67,0.33,0.0,0.33,0.67,0.0
Human;Animal;Insect;Hymenoptera;Bee,5,0.7888405164750693,0.9745565984884342,0.9060239118239517,0.9996930381499026,0.0,1.0,0.0,0.0,0.67,0.33
Hydrogen;Airship;World_War_I;World_War_II;Adolf_Hitler,5,-0.794145353268835,0.9765010004447691,-0.9685248366135801,0.903819292994574,0.0,0.33,0.67,0.67,0.33,0.0
Italy;Agriculture;Fruit;Plum;Apricot,5,0.992048996604944,-0.8077503754161461,0.9662614253569758,-0.8102798195058758,0.67,0.33,0.0,0.0,1.0,0.0
Ivory;United_Nations;World_War_II;Battle_of_Stalingrad;Tank,5,-0.8817407607855529,0.9090214209859283,-0.997989781719635,0.9663535384555538,0.0,0.67,0.33,0.33,0.67,0.0
Middle_Ages;North_Africa;Africa;Zambia;Zambezi,5,0.7852901237088485,0.7493163529042516,0.880664851301871,0.9455955389321067,0.33,0.0,0.67,0.67,0.0,0.33
Middle_East;Africa;<;Africa;Guinea,5,0.9999999999999999,-0.9999999999999999,0.7451433011854074,-0.7451433011854072,0.67,0.33,0.0,1.0,0.0,0.0
Nature;Mammal;Horse;Milk;Butter,5,0.8837203440301591,0.9977252307025558,0.7052191553653859,0.7592048783052667,0.0,1.0,0.0,0.67,0.33,0.0
Niger_River;River;Ocean;Animal;Bird,5,-0.8831345129133716,-0.8392985658186713,0.8914394813890595,0.9082405453274585,0.0,0.67,0.33,0.0,0.67,0.33
Niger_River;Atlantic_Ocean;Pacific_Ocean;South_China_Sea;Malaysia,5,0.8552888107431185,0.9286034107838269,0.9509553013337536,0.8823445044052158,0.33,0.33,0.33,0.0,0.67,0.33
Novel;France;North_Sea;Norway;Finland,5,0.9676771860914098,0.9205215979202863,0.9324681737233464,0.7936985064331162,0.0,0.33,0.67,0.33,0.33,0.33
Nuclear_weapon;World_War_II;Jew;Judaism;Hebrew_calendar,5,0.9631899368672242,-0.8999836154683152,0.9282553722782515,-0.7145847968040531,0.0,0.33,0.67,0.0,0.67,0.33
Paleontology;Earth;South_America;Paraguay;Asunci%C3%B3n,5,0.7983492308690733,0.9726108537120666,0.9397272682082878,0.8889196153319951,0.33,0.67,0.0,0.0,0.33,0.67
Plato;19th_century;United_States;Poetry_of_the_United_States;Edgar_Allan_Poe,5,-0.9673293726887059,0.8191573913308853,-0.9610585391715648,0.7464977440304066,0.0,0.33,0.67,0.0,0.67,0.33
Popular_culture;Film;United_States;Great_Lakes;Chicago,5,0.9837384566879375,0.7882682923787614,0.937865131668247,0.8554318082845237,0.0,0.33,0.67,0.33,0.67,0.0
Roman_Empire;Spain;Soviet_Union;World_War_II;Blitzkrieg,5,-0.9738150259471967,0.9721244591973964,-0.8639601805105277,0.8833687384203719,0.0,0.67,0.33,0.33,0.67,0.0
Spain;Renaissance;Leonardo_da_Vinci;<;Italian_Renaissance,5,-1.0,-1.0,-0.9700010391161904,-0.7566958135072722,0.67,0.33,0.0,0.33,0.0,0.67
Sperm_Whale;Sound;Music;Jazz;Clarinet,5,0.9286542321367492,0.8380959760856014,0.9974864318491677,0.9664612581660492,0.0,0.67,0.33,0.0,0.33,0.67
The_Lion_King;Africa;Atlantic_slave_trade;Brazil;Peru,5,0.844855271427471,0.9879833071163784,0.9894197463268504,0.8711000671691075,0.67,0.0,0.33,0.0,0.67,0.33
Water;London;United_Kingdom;J._K._Rowling;Harry_Potter,5,-0.8529834349439885,-0.7264334489901185,-0.9029553130636795,-0.8461243870116782,0.0,0.67,0.33,0.0,0.67,0.33
Welding;Volt;<;Retina;Vertebrate,5,1.0,1.0,0.9113334611732762,0.926903132915335,0.67,0.33,0.0,0.67,0.33,0.0
Winston_Churchill;World_War_II;United_States;Volcano;Magma,5,0.7367701325953973,-0.7134601180512229,0.7061566129463852,-0.8978005793557917,0.0,0.67,0.33,0.0,0.67,0.33
Bacteria;Louis_Pasteur;Europe;Austria;Wolfgang_Amadeus_Mozart,5,0.8555088363807563,0.7539406422959875,0.9042146429431297,0.9535155358612954,0.0,0.33,0.67,0.33,0.33,0.33
Bacteria;Tuberculosis;United_States;Martin_Luther_King%2C_Jr.;Rosa_Parks,5,-0.8566166237635948,-0.9333640412942598,-0.9192330236106803,-0.9537370888263854,0.0,0.33,0.67,0.0,1.0,0.0
Health;World_Health_Organization;United_Nations;Soviet_Union;Vladimir_Lenin,5,0.969273788025841,-0.9938665304778134,-0.9781736657550948,0.9629333725615484,0.0,0.33,0.67,0.33,0.67,0.0
Albatross;United_Kingdom;Computer;CPU_cache;Central_processing_unit,5,-0.7384761667301488,-0.9802718792637991,-0.8139515808052834,-0.8162296217904204,0.33,0.67,0.0,0.0,0.67,0.33
British_Virgin_Islands;South_America;Pacific_Ocean;Volcano;Magma,5,-0.9592512855943205,-0.871774472035205,-0.979931704289659,-0.9549718469775539,0.33,0.33,0.33,0.67,0.0,0.33
British_Virgin_Islands;United_States;California;Film;Actor,5,-0.8982723860030367,-0.9673765553331427,-0.9727335747298275,-0.9764659332490708,0.0,0.33,0.67,0.0,1.0,0.0
Diamond;Semiconductor;Energy;Force;Physics,5,-0.896179489549041,-0.9382358208256228,-0.8123950939484396,-0.7959649621594123,0.33,0.33,0.33,0.0,1.0,0.0
Diamond;South_Africa;Africa;World_War_II;Erwin_Rommel,5,-0.7957652614975864,0.926722141706454,-0.7807346061806608,0.8719737722743629,0.0,0.33,0.67,0.0,1.0,0.0
Commonwealth_Games;England;Samuel_Taylor_Coleridge;The_Rime_of_the_Ancient_Mariner;Poetry,5,-0.9496107818443288,-0.7253734192997291,-0.7181353233462423,-0.852238124405933,0.33,0.33,0.33,0.33,0.0,0.67
Nutmeg;Potato;Scots_language;Scotland;Dundee,5,-0.789790875202481,-0.7190671909650037,-0.8787872168647752,-0.8595142366154309,0.67,0.33,0.0,0.33,0.33,0.33
Leisure;Industrial_Revolution;Fossil_fuel;Global_warming;Sea_level_rise,5,-0.849095274304125,-0.9292113680648552,-0.8543003481762137,-0.8306076368751025,0.0,0.33,0.67,0.0,0.67,0.33
Education;Latin;Rome;Italy;Benito_Mussolini,5,-0.7005197746838194,0.8830675068387309,-0.9925456063156668,0.9802587959989381,0.33,0.33,0.33,0.33,0.33,0.33
Rain;United_Kingdom;British_monarchy;<;Queen_%28band%29,5,-0.9999999999999998,1.0,-0.7627835463957997,0.903753889686999,1.0,0.0,0.0,0.33,0.67,0.0
Michael_Jordan;Geography;Science;Atom;Periodic_table,5,0.7820944560479289,-0.7453536049184786,0.888889060089111,-0.7589617803951377,0.0,0.0,1.0,0.0,0.67,0.33
Jack_Kerouac;Buddhism;Christianity;Roman_Catholic_Church;Catholic_social_teaching,5,0.962241974273257,0.984455475864545,0.9209845761968937,0.7709408200059671,0.33,0.67,0.0,0.0,0.67,0.33
Oregon;River;Amazon_River;South_America;Andes,5,0.7794040736729468,0.8502213809257677,0.8534083354026893,0.777644823379243,0.0,1.0,0.0,0.33,0.67,0.0
Sputnik_1;Soviet_Union;<;Russian_language;South_Ossetia,5,0.9999999999999999,0.9999999999999998,0.9805545864601463,0.8624688151565962,0.33,0.33,0.33,0.33,0.33,0.33
Pluto;California;United_States;New_York_City;Wall_Street,5,0.9679850365950549,0.9832743867589808,0.9207929313514402,0.9497920909783005,0.0,0.33,0.67,0.0,1.0,0.0
Pluto;California;Spain;European_Union;Malta,5,0.7872482136413597,0.8635647840078875,0.9884303089341042,0.9827895716271806,0.33,0.33,0.33,0.0,1.0,0.0
Moscow;Time_zone;Antarctica;Sun;Sunlight,5,0.9144113387571414,-0.8955529900704708,0.9074312013547704,-0.9954506459473803,0.33,0.67,0.0,0.33,0.33,0.33
Cold_War;Yugoslavia;Republic_of_Macedonia;Greece;Aristotle,5,0.7114269916484746,0.835368231698124,0.7617631739859212,0.8565584710329273,0.33,0.33,0.33,0.67,0.33,0.0
Crimean_Karaites;Europe;Africa;Lesotho;Maseru,5,-0.9063314791509771,0.9491312558636054,-0.8018178279211767,0.8662841556522045,0.0,1.0,0.0,0.0,1.0,0.0
BBC;United_Kingdom;Europe;Germany;Frankfurt,5,-0.7317350561003174,0.8242254529501718,-0.8169605479622798,0.7485362586823071,0.33,0.33,0.33,0.0,0.67,0.33
Pearl;Pacific_Ocean;Canada;English_language;Canadian_English,5,-0.8819722858792809,-0.814506853847781,-0.7409201562545482,-0.8739776716103407,0.0,1.0,0.0,0.0,0.67,0.33
Paul_McCartney;United_States;Capitalism;Libertarianism;Anarcho-capitalism,5,0.9644378974890913,0.7859771292266455,0.9851710953021483,0.9664034163037976,0.0,0.67,0.33,0.0,1.0,0.0
Asteroid;Dinosaur;England;Denmark;Viking,5,0.9203952757013633,0.9268863486960607,0.757122866104923,0.8149378982168853,0.33,0.0,0.67,0.33,0.0,0.67
Asteroid;Dinosaur;England;History_of_Anglo-Saxon_England;Viking,5,0.8882509277247905,0.8273747055083551,0.8317847374647568,0.7901508340801497,0.0,0.33,0.67,0.0,0.0,1.0
Asteroid;Dinosaur;Scotland;Norway;Viking,5,0.8560680415560313,0.9050327423128505,0.7403978608263578,0.876375626886785,0.33,0.0,0.67,0.0,0.33,0.67
Cambrian_explosion;Continent;Asia;China;Great_Wall_of_China,5,0.8949598322989165,0.9007215854217663,0.8500332591745943,0.8722651014609769,0.67,0.0,0.33,0.33,0.33,0.33
Albert_Einstein;Chemistry;Periodic_table;List_of_elements_by_name;Tin,5,0.7433104238086418,0.877040089918715,0.9540620377533494,0.7049597905343988,0.33,0.67,0.0,0.0,0.67,0.33
Saxophone;Gold;Earth%27s_atmosphere;Nitrogen;Natural_gas,5,0.7321025229169859,0.9713914594042679,0.7686135122703959,0.8435620207367007,0.33,0.67,0.0,0.0,1.0,0.0
Nineteen_Eighty-Four;England;United_Kingdom;<;Church_of_England,5,1.0,1.0,0.9597015197597258,0.9236415313942274,0.33,0.33,0.33,0.33,0.67,0.0
Iron;Earth;Cambrian_explosion;<;Dinosaur,5,1.0,0.9999999999999998,-0.9745296427452296,-0.9691941773979642,0.33,0.33,0.33,0.33,0.33,0.33
Tooth_development;Force;Gravitation;Moon;New_moon,5,-0.9506983331405403,-0.8895590329933305,-0.9836705375277172,-0.822420914124121,0.0,1.0,0.0,0.0,0.33,0.67
Tooth_development;Down_syndrome;<;Human;Logic,5,-1.0,-1.0,-0.9457445380353754,-0.733323140519444,0.33,0.67,0.0,0.33,0.33,0.33
Pope_John_Paul_II;Harlem_Globetrotters;<;United_Nations;New_York_City,5,1.0,-1.0,0.9239594242636499,-0.8922152768545485,0.33,0.67,0.0,0.67,0.33,0.0
Drawing;Art;Europe;Italy;Milan,5,0.9449988946897409,0.97438817020682,0.7795205867249809,0.90091267907515,0.0,0.33,0.67,0.0,0.33,0.67
Igor_Stravinsky;Greek_mythology;Ancient_Greece;Alcibiades;Thrasybulus,5,0.9682904145619877,0.8030531378946592,0.9697507207021259,0.9722443059769985,0.0,0.33,0.67,0.0,0.33,0.67
Igor_Stravinsky;Paris;Egypt;Islam;Saladin,5,0.9030314749308493,0.91211285664109,0.79570207332915,0.7508583209003052,0.0,0.0,1.0,0.33,0.33,0.33
Louis_Pasteur;Physics;Applied_mathematics;Mathematics;Geometry,5,0.9873496679914658,0.7308682753859295,0.809561544835003,0.9618889950687711,0.0,0.67,0.33,0.67,0.33,0.0
Genoa;England;United_Kingdom;World_War_II;Adolf_Hitler,5,-0.7888936204917797,0.7163855374200726,-0.9704858255168681,0.9131333048487085,0.33,0.33,0.33,0.0,1.0,0.0
Yuri_Gagarin;Norway;Fish;Aquarium;Otter,5,0.738347802293981,-0.9209081723833079,0.8614709939002092,-0.9231044382635036,0.33,0.67,0.0,0.33,0.0,0.67
Planet;Star;Energy;Nuclear_fission;Nuclear_power,5,-0.9776341082460644,-0.9582600960686093,-0.868364986874281,-0.9316729470363527,0.33,0.67,0.0,0.0,0.67,0.33
Johann_Sebastian_Bach;Earth;North_America;Canada;Canadian_football,5,0.9944483237890551,0.8902587018103216,0.8891072900325088,0.9918014719594278,0.0,1.0,0.0,0.0,0.67,0.33
Kakapo;Vegetation;Plant;Tree;Wood,5,0.9837852594081712,0.9827180040213684,0.9744160206669035,0.9789486296021945,0.33,0.0,0.67,0.0,0.67,0.33
Fedora_Core;Cambridge;Jersey;United_States;Rhode_Island,5,-0.8483395850375967,-0.8072695556318081,-0.7290303345256447,-0.8708350410841863,0.0,0.67,0.33,0.33,0.67,0.0
Water_purification;Drinking_water;Water;Ocean;Dolphin,5,0.9570447144946567,0.9123511929999104,-0.9110198104680959,-0.9226180066639214,0.0,1.0,0.0,0.33,0.33,0.33
Wood;North_America;United_Kingdom;Church_of_England;Christianity,5,0.8962357431957364,0.862868706720878,0.9613070721882612,0.8915598281516349,0.33,0.67,0.0,0.33,0.67,0.0
Wood;North_America;Europe;World_War_II;Adolf_Hitler,5,-0.8558324392689518,0.9559768341993714,-0.9304236084235851,0.8434831369545907,0.0,0.67,0.33,0.0,0.67,0.33
Lead;Ancient_Rome;Copper;Coin;Money,5,-0.9139616184463563,-0.8637102706247921,-0.8571926820945508,-0.9350681700868909,0.0,0.33,0.67,0.67,0.33,0.0
Luxembourg;United_Nations;United_Kingdom;Anglican_Communion;Anglicanism,5,0.7530150273724769,-0.9501668330006942,0.8860894566857409,-0.9501554668149697,0.67,0.33,0.0,0.33,0.33,0.33
Rice;Asia;Earth;Universe;Galaxy,5,-0.9936059097219861,-0.9538035465611144,-0.9228224253509792,-0.9809343950244196,0.33,0.0,0.67,0.0,0.33,0.67
Rice;Asia;Earth;Universe;Galaxy,5,-0.9936059097219861,-0.9538035465611144,-0.9228224253509792,-0.9809343950244196,0.33,0.0,0.67,0.0,0.33,0.67
Oregano;Flower;Extinction;Dinosaur;Brachiosaurus,5,-0.8067064397034103,-0.795102141608015,-0.7991206072325813,-0.766361475807691,0.0,0.33,0.67,0.0,0.67,0.33
James_Bond;Jamaica;Caribbean_Sea;Christopher_Columbus;Dominica,5,0.8915351544553315,0.9997883622565197,0.8918347706275875,0.8911534904467475,0.0,1.0,0.0,0.33,0.67,0.0
Semiconductor;Semiconductor_device;<;Silicon;California,5,1.0,-0.9999999999999999,0.8670183301500238,0.8524042459847269,0.33,0.0,0.67,0.33,0.33,0.33
Glass;Chromium;<;Cadmium;Indium,5,1.0,1.0,0.9642246091088161,0.8671120686492296,0.67,0.33,0.0,0.33,0.67,0.0
Plate_tectonics;Ireland;European_Union;Currency;Stock,5,0.8691654837315373,0.8427815708251105,0.8038834704600765,0.7571903823356277,0.0,0.67,0.33,0.67,0.0,0.33
Mount_Nyiragongo;Democratic_Republic_of_the_Congo;Africa;Mali;Timbuktu,5,0.8973461789502639,0.9336551325644209,0.7867786957993838,0.8263241776790737,0.33,0.33,0.33,0.0,1.0,0.0
Dolphin;The_Hitchhiker%27s_Guide_to_the_Galaxy;United_States;World_War_II;Battle_of_Midway,5,-0.7496267906494318,0.9418684491343275,-0.8081020898006501,0.8899322197059734,0.0,0.67,0.33,0.67,0.33,0.0
Turtle;South_America;Guitar;Musical_instrument;Music,5,-0.7577574610651066,-0.8240754753642877,-0.8286123268476784,-0.8152357751859903,0.33,0.33,0.33,0.0,0.67,0.33
Money;Voltaire;God;Sigmund_Freud;Carl_Jung,5,-0.7441484977376259,0.9517230539541871,-0.9736676821150315,0.7952760196232718,0.67,0.33,0.0,0.0,0.67,0.33
Retinol;Antarctica;Continent;Asia;China,5,-0.9467158776722275,-0.8620484742295409,-0.992912055639292,-0.9362616481574374,0.33,0.33,0.33,0.67,0.33,0.0
Brunei;Time_zone;Earth;Sun;Ultraviolet,5,-0.9910956901211988,-0.7406726069564825,-0.8939283402267988,-0.9254206204207103,0.67,0.0,0.33,0.0,0.33,0.67
Color;Fruit;Citrus;Lemon;Juice,5,0.8973954465049325,0.8750514051561181,0.829827356378181,0.8981412686993477,0.67,0.33,0.0,0.0,0.67,0.33
Owl;Antarctica;South_America;Argentina;Jorge_Luis_Borges,5,0.7726941118764014,0.7256833460053583,0.8295519989293197,0.8491495639120967,0.0,0.67,0.33,0.0,0.67,0.33
Berlin;Berlin_Wall;United_Kingdom;Prime_Minister_of_the_United_Kingdom;Robert_Peel,5,0.903567238793001,0.9499400840848012,0.9715451781426921,0.9839523220444185,0.0,0.33,0.67,0.33,0.0,0.67
Sigmund_Freud;Czech_Republic;Black_Sea;Atlantic_Ocean;Petroleum,5,0.8835934599937995,-0.8208315201756049,0.9734790288588716,-0.945529070980335,0.0,1.0,0.0,0.0,0.33,0.67
Pyramid;Earth;Plant;Seed;Bean,5,0.9443393286379322,0.8087625806190798,0.8519636632044985,0.8245319904139469,0.0,1.0,0.0,0.0,0.33,0.67
Pyramid;Earth;Plant;Seed;Bean,5,0.9443393286379322,0.8087625806190798,0.8519636632044985,0.8245319904139469,0.0,1.0,0.0,0.0,0.33,0.67
Pyramid;Earth;Plant;Seed;Bean,5,0.9443393286379322,0.8087625806190798,0.8519636632044985,0.8245319904139469,0.0,1.0,0.0,0.0,0.33,0.67
Pyramid;Earth;Plant;Seed;Bean,5,0.9443393286379322,0.8087625806190798,0.8519636632044985,0.8245319904139469,0.0,1.0,0.0,0.0,0.33,0.67
Pyramid;Earth;Plant;Seed;Bean,5,0.9443393286379322,0.8087625806190798,0.8519636632044985,0.8245319904139469,0.0,1.0,0.0,0.0,0.33,0.67
Pyramid;Mesopotamia;Barley;Bread;Bean,5,0.9196609573506218,0.7417062947779426,0.9856681311427111,0.8368817753971795,0.0,1.0,0.0,0.67,0.33,0.0
Pyramid;Earth;Plant;Seed;Bean,5,0.9443393286379322,0.8087625806190798,0.8519636632044985,0.8245319904139469,0.0,1.0,0.0,0.0,0.33,0.67
Pyramid;Earth;Plant;Seed;Bean,5,0.9443393286379322,0.8087625806190798,0.8519636632044985,0.8245319904139469,0.0,1.0,0.0,0.0,0.33,0.67
Pyramid;Earth;Plant;Seed;Bean,5,0.9443393286379322,0.8087625806190798,0.8519636632044985,0.8245319904139469,0.0,1.0,0.0,0.0,0.33,0.67
Pyramid;Earth;Plant;Seed;Bean,5,0.9443393286379322,0.8087625806190798,0.8519636632044985,0.8245319904139469,0.0,1.0,0.0,0.0,0.33,0.67
Ernest_Hemingway;Nature;Animal;Insect;Yellow_fever,5,0.942855444822309,0.9981717432920073,0.9774834636309093,0.8910649233850618,0.33,0.67,0.0,0.33,0.67,0.0
Titanium;Greek_mythology;Ancient_Greece;Corinthian_War;Battle_of_Lechaeum,5,-0.8307796951678704,0.8184916297298623,-0.7641920871115135,0.8105685167809312,0.0,0.33,0.67,0.33,0.67,0.0
William_Howard_Taft;California;Fruit;Pollinator;Beekeeping,5,0.8608258147795664,-0.8315402772809165,0.8253522031719659,-0.8408484108371549,0.0,1.0,0.0,0.33,0.33,0.33
List_of_vegetable_oils;Renaissance;Renaissance_music;Opera;Theatre,5,-0.8204601570640201,-0.975267897527579,-0.8532087692266384,-0.9148200040494496,0.0,0.67,0.33,0.33,0.33,0.33
Allosaurus;North_America;Gulf_of_Mexico;Tropical_cyclone;Hurricane_Camille,5,0.7359658154742427,0.7096387208839958,0.9672882182976111,0.9530175025740784,0.33,0.33,0.33,0.0,0.67,0.33
Sony;European_Union;Germany;World_War_II;Adolf_Hitler,5,-0.9255592386078559,0.9037120520762063,-0.9876866623465347,0.9712084932441775,0.0,0.33,0.67,0.67,0.33,0.0
Accountancy;Europe;Earth;Planet;Eris_%28dwarf_planet%29,5,-0.9470104597158816,-0.724464469574408,-0.8672625295431005,-0.8351757833324274,0.0,1.0,0.0,0.0,0.33,0.67
Clay;Canada;<;Canada;Christianity,5,-1.0,1.0,-0.9815357727098183,0.9815357727098183,0.67,0.33,0.0,0.67,0.33,0.0
North_Korea;Korea;People%27s_Republic_of_China;Qing_Dynasty;Ming_Dynasty,5,-0.7966702830366471,0.8712990216251583,-0.8074015675812793,0.9045117867372868,1.0,0.0,0.0,0.67,0.33,0.0
Richard_III_of_England;Wars_of_the_Roses;England;Europe;Azerbaijan,5,0.9717079128447805,0.7976455748130411,-0.8775819517607705,-0.8974871228914884,0.33,0.0,0.67,0.0,1.0,0.0
Fieldfare;Europe;Earth;Moon;Neil_Armstrong,5,-0.8465470295830344,-0.7120876432086304,-0.8008950530731929,-0.9059762512524654,0.33,0.67,0.0,0.0,0.67,0.33
Vampire_bat;Chordate;Reptile;Bird;Ostrich,5,-0.8747624487659351,-0.8111497464953469,-0.735893236994367,-0.9614545382837325,0.67,0.0,0.33,0.0,1.0,0.0
3rd_century;Mexico;Costa_Rica;Panama;Colombia,5,0.8076761924765589,0.7124385850315973,0.721224995396853,0.7946047647129676,0.0,1.0,0.0,0.67,0.33,0.0
Essential_oil;Water;Carbon_dioxide;Phase_%28matter%29;Gas,5,-0.8099727487265712,-0.8521407170813851,-0.8889834155060035,-0.8559019552608169,0.33,0.33,0.33,0.33,0.33,0.33
Christina_Aguilera;Dublin;<;Ireland;U2,5,1.0,-0.9999999999999998,0.8593297310165916,-0.8579519291862585,0.33,0.67,0.0,0.67,0.33,0.0
Britney_Spears;United_States;Arctic_Ocean;Rain;Water,5,0.8448253463046546,0.7774778374448741,0.8153821937796054,0.7208965226254502,0.33,0.0,0.67,0.0,0.67,0.33
Britney_Spears;Europe;Asia;China;Amur,5,0.9985684363323213,0.9612211709033449,0.9232623045859046,0.8644750705423627,0.33,0.33,0.33,0.0,0.67,0.33
CS_gas;Water;Gravitation;Universe;String_theory,5,-0.9161255273483521,-0.7301653720979507,-0.8597723130701672,-0.7442614519411778,0.0,0.33,0.67,0.67,0.0,0.33
William_IV_of_the_United_Kingdom;British_Empire;India;Indus_Valley_Civilization;Lothal,5,-0.9958091487555926,-0.9773427071494926,-0.9617124568281753,-0.9881434360796846,0.33,0.33,0.33,0.33,0.33,0.33
George_Washington;Lead;Chemical_element;Periodic_table;Ununhexium,5,0.9249747761468682,-0.799041004783911,0.719351618143195,-0.8120567241103696,0.33,0.33,0.33,0.0,0.67,0.33
Onion;United_States;Vietnam_War;<;Vietnam,5,-1.0,-1.0,-0.9375360135276918,-0.985193477807675,0.33,0.0,0.67,0.33,0.33,0.33
Asparagus;European_Union;United_Kingdom;William_Shakespeare;Macbeth,5,-0.880628021361068,-0.955739433685154,-0.9770159174589597,-0.9896658103881774,0.33,0.33,0.33,0.0,0.67,0.33
Sultan;Kenya;<;Kenya;Lion,5,-0.9999999999999999,-0.9999999999999999,-0.9324753159365782,-0.9324753159365781,0.67,0.0,0.33,0.67,0.33,0.0
Elvis_Presley;United_States;<;Germany;Adolf_Hitler,5,0.9999999999999999,0.9999999999999999,0.9331243603509745,0.8265683473783135,0.33,0.33,0.33,0.33,0.67,0.0
Earless_seal;Scientific_classification;Plant;Tree;Citrus,5,0.9955506766342697,0.7551661912540188,0.7190097021801212,0.9819932719596385,0.33,0.33,0.33,0.0,1.0,0.0
Lebanon;Africa;Rainforest;Bird;Parrot,5,-0.972781760549728,-0.8480571908214246,-0.7006867968731932,-0.9917820171478468,0.67,0.0,0.33,0.0,1.0,0.0
Carolus_Linnaeus;Evolution;Gravitation;Universe;Big_Bang,5,-0.9120970107298144,-0.9696184275899523,-0.8011973791224675,-0.8581208010026452,0.0,0.67,0.33,0.0,0.0,1.0
Venus;Nitrogen;Chemical_element;Periodic_table;Gallium,5,0.9599653192568995,0.8874897639877076,0.9513572573971221,0.8925625130068466,0.33,0.33,0.33,0.0,0.33,0.67
Venus;Alchemy;Chemistry;Periodic_table;Gallium,5,0.9267155254988325,0.9660721146517859,0.9959996818300577,0.9671377461205076,0.0,0.67,0.33,0.0,0.33,0.67
Aztec;Smallpox;England;London;Tower_of_London,5,0.9925866474959296,0.830069229062399,0.9052477024717009,0.799647319623322,0.33,0.33,0.33,0.0,1.0,0.0
Board_game;London;United_Kingdom;Europe;Greenland,5,0.9007874006775175,0.979966666907513,0.8603697986539063,0.992664301047325,0.33,0.67,0.0,0.0,0.67,0.33
Board_game;London;United_Kingdom;Scotland;Hebrides,5,0.7030797355231198,0.8593437695604992,0.9829234581995068,0.7000240453985397,0.33,0.67,0.0,0.0,0.33,0.67
Baroque;Religion;Evolution;Dinosaur;Tyrannosaurus,5,-0.9960163580710062,-0.9749129293573793,-0.7473634843137035,-0.7924048752311051,0.33,0.33,0.33,0.0,0.33,0.67
Sound;Wave;Ultraviolet;Eye;Pupil,5,0.8091219303324262,0.9435367539163866,0.9253627044118177,0.7966462375366355,0.33,0.67,0.0,0.33,0.67,0.0
Black_hole;Albert_Einstein;Germany;World_War_II;Nazi_Germany,5,-0.813973503108479,0.7437767243192972,-0.9118648590909384,0.8262646731249946,0.33,0.33,0.33,0.0,0.67,0.33
13th_century;Asia;India;Indus_Valley_Civilization;Lothal,5,-0.965790328678974,-0.7390030421464323,-0.8877554183907157,-0.8466639097622235,0.33,0.33,0.33,0.0,0.33,0.67
Andy_Warhol;United_States;World_War_II;Battle_of_Leyte_Gulf;Philippines,5,-0.9726459357192052,0.8792359695936556,-0.9083663063554125,0.7720341826318954,0.33,0.33,0.33,0.33,0.33,0.33
Supermarine_Spitfire;France;Sub-Saharan_Africa;C%C3%B4te_d%27Ivoire;Yamoussoukro,5,0.9019989613822791,-0.9646113486027453,0.8810691198814528,-0.9183684912682362,0.0,0.67,0.33,0.33,0.67,0.0
Barbary_Lion;Europe;Communism;Capitalism;Economics,5,0.9249827104583009,0.9735460701617926,0.9364677551279309,0.8893981403940705,0.67,0.33,0.0,0.0,1.0,0.0
Common_Eland;Animal;Energy;Nuclear_fission;Nuclear_weapon,5,-0.9935610981644867,-0.7629282127545965,-0.7517915341264532,-0.8632675606206719,0.0,0.67,0.33,0.0,0.67,0.33
British_East_India_Company;India;Pakistan;Iran;Tehran,5,-0.9054130606275355,-0.9757666200530154,-0.8303568730564679,-0.8624778971366545,0.33,0.33,0.33,0.33,0.67,0.0
British_East_India_Company;India;Pakistan;Iran;Tehran,5,-0.9054130606275355,-0.9757666200530154,-0.8303568730564679,-0.8624778971366545,0.33,0.33,0.33,0.33,0.67,0.0
Wasabi;California;North_America;Africa;Poverty,5,0.7231805928535616,0.7311360584718228,0.7209574234312603,0.7629100336542225,0.0,0.67,0.33,0.33,0.33,0.33
Bran;Japan;Pottery;Art;Aesthetics,5,-0.8588304453449188,-0.8888457402329525,-0.979532939752796,-0.9771100695989007,0.33,0.0,0.67,0.0,0.33,0.67
Ice_hockey;Sweden;European_Union;Spain;Madrid,5,0.9707916194964678,-0.9666470524862724,-0.8482656247468391,0.8308989572393298,0.33,0.33,0.33,0.33,0.67,0.0
Toy_Story;Eagle;Bird;Plant;Photosynthesis,5,0.9006049714107799,0.9744672742596422,0.8949019188993804,0.8768987307462976,0.0,0.0,1.0,0.0,0.0,1.0
Toy_Story;Eagle;Australia;Great_Barrier_Reef;Photosynthesis,5,0.8537715516033295,0.8868457468472277,0.7224760702816843,0.7105325027240328,0.0,0.33,0.67,0.33,0.33,0.33
Toy_Story;United_States;Rocky_Mountains;Skiing;Snow,5,0.8885103014834717,0.8216526555796247,0.9474563003429617,0.9019871371533842,0.0,0.67,0.33,0.0,0.67,0.33
Toy_Story;United_States;Cold_War;Nazi_Germany;Adolf_Hitler,5,0.800560256471277,0.8419227427030744,0.9101631468571322,0.9105979960849342,0.0,0.33,0.67,0.0,0.67,0.33
Sylvanus_Morley;United_States_dollar;Euro;Greece;Athens,5,0.9103361151557341,0.984710889616091,0.8748658096806837,0.9311288928793018,0.33,0.33,0.33,0.0,1.0,0.0
Effects_of_nuclear_explosions;Earth%27s_atmosphere;Evolution;Dinosaur;Iguanodon,5,-0.9906538054784334,-0.9972319887758105,-0.7773081786462341,-0.8021155112167524,0.0,0.33,0.67,0.0,0.33,0.67
Drum_and_bass;United_States;Country;Law;Civil_society,5,0.7018978155198136,0.9942992130001871,0.7227626945549169,0.918553809502779,0.0,0.67,0.33,0.0,0.67,0.33
Mammoth;World_War_II;United_Kingdom;Novel;Pride_and_Prejudice,5,-0.981536999066589,-0.7246434408241847,-0.7542525741326748,-0.9326028306775802,0.0,0.0,1.0,0.0,0.33,0.67
Channel_Islands;Commonwealth_Games;Olympic_Games;Heracles;Achilles,5,-0.8602947955833329,-0.974268121217401,-0.925125054872273,-0.8790270196630026,0.0,0.0,1.0,0.67,0.33,0.0
Dante_Alighieri;Oxford;England;Charles_Darwin;The_Origin_of_Species,5,-0.9026243438246787,-0.8094395605395435,-0.9497267046157682,-0.9319250295462927,0.0,0.67,0.33,0.33,0.33,0.33
African_American_literature;United_States;Malaysia;Parliament_of_Malaysia;Democratic_Action_Party,5,0.7042031956363535,0.8943553847714615,0.7586806140969763,0.8648963822198481,0.0,0.67,0.33,0.33,0.67,0.0
African_American_literature;North_America;South_America;Bolivia;La_Paz,5,0.8943209284983089,0.9326113796578888,0.8005361692950477,0.9783572065849895,0.33,0.0,0.67,0.33,0.67,0.0
Gal%C3%A1pagos_Islands;South_America;Continent;Africa;Democratic_Republic_of_the_Congo,5,0.8511882942252658,0.7928683524567655,0.9866313851928042,0.9955542080190013,0.33,0.33,0.33,0.0,0.33,0.67
Tony_Blair;United_States;Internet;World_Wide_Web;Google,5,0.8489910760919089,0.8131657001914643,0.7521538908744655,0.8075954339235477,0.0,0.67,0.33,0.0,1.0,0.0
Snowy_Owl;Russia;People%27s_Republic_of_China;India;Sikhism,5,-0.8051504458205619,0.9288950443279235,-0.8155565586313359,0.8796525008683492,0.33,0.67,0.0,0.0,0.67,0.33
Driving_on_the_left_or_right;South_America;Amazon_Basin;Agriculture;Vegetable,5,0.9693405186462722,0.8976063778087492,0.7096490180868336,0.8974371124321133,0.33,0.67,0.0,0.0,1.0,0.0
Slavery;Plato;Nature;Universe;Metric_expansion_of_space,5,-0.9613201627737933,-0.9333370106621276,-0.9794562669122499,-0.8408909665305635,0.0,0.67,0.33,0.33,0.33,0.33
Cheese;United_States;<;Space_exploration;Computer,5,-1.0,1.0,-0.9085415411136707,0.9119511458630056,0.33,0.33,0.33,0.67,0.33,0.0
Cheese;Europe;Africa;South_Africa;Cape_Town,5,-0.7362340868536248,0.8896382270830174,-0.9235614555387247,0.9574451400919275,0.0,1.0,0.0,0.0,1.0,0.0
Triathlon;France;United_States;President_of_the_United_States;Jimmy_Carter,5,0.9744442167106,-0.8476849729417283,0.9825860663156527,-0.9864976068316086,0.33,0.33,0.33,0.33,0.67,0.0
Marie_Curie;France;United_States;Canada;Vancouver,5,0.7621056510985194,0.9714546453460197,0.9998261200527773,0.7847249242672902,0.0,0.67,0.33,0.33,0.33,0.33
SimCity;Industry;Technology;Science;Quantum_mechanics,5,-0.7460059578265538,-0.8361882637307171,-0.9090719390858849,-0.9414060391897586,0.0,0.67,0.33,0.33,0.33,0.33
Palazzo_Pitti;World_War_II;United_Kingdom;Prime_Minister_of_the_United_Kingdom;Margaret_Thatcher,5,0.9640516379564699,-0.806899009672489,0.9411529704486616,-0.9395787892553319,0.0,0.67,0.33,0.67,0.33,0.0
Poetry_of_the_United_States;Religion;Mythology;Norse_mythology;Thor,5,0.997813992172504,-0.8113687053898806,0.9989051951842772,-0.8333813596578041,0.33,0.33,0.33,0.0,0.33,0.67
Jupiter;Japan;Asia;Europe;Sweden,5,0.894389531862623,0.7900976628590524,0.9299731688718197,0.8468186227849979,0.33,0.67,0.0,0.67,0.33,0.0
Coupling_%28railway%29;Brazil;Amazon_Rainforest;Global_warming;Climate_change,5,-0.8373229598794019,-0.7576502660806247,-0.8650794627189207,-0.7799810439385582,0.0,0.67,0.33,0.0,0.67,0.33
History_of_nuclear_weapons;Iran;Islamic_republic;Islam;Allah,5,0.9957745403792765,0.7431669353548782,0.964596281914777,0.7697834427461785,0.0,0.33,0.67,0.0,1.0,0.0
House_of_Lords;Church_of_England;England;English_language;Old_English_language,5,-0.8834123683213071,-0.9384524269561484,-0.9189004701649168,-0.815955839758187,0.33,0.33,0.33,0.0,0.67,0.33
Corn_oil;Textile;China;World_War_II;Battle_of_Britain,5,-0.888792887892908,0.9247567937021902,-0.9532573992890399,0.8163101939954529,0.0,0.33,0.67,0.33,0.67,0.0
Berlin_Wall;United_States;North_America;South_America;Peru,5,0.8838641468014639,0.74133901076763,0.8809609712937075,0.9733297854605321,0.33,0.33,0.33,0.33,0.67,0.0
Richard_Feynman;Nazi_Germany;Soviet_Union;Asia;Tajikistan,5,0.9071433251998346,0.8663835565398308,0.8614894578664813,0.703982267120159,0.0,0.67,0.33,0.0,0.33,0.67
Creation-evolution_controversy;Geology;Coal;Industrial_Revolution;Steam_engine,5,-0.7996475029990734,0.7667679696112248,-0.9667728150928177,0.997482945862426,0.0,0.67,0.33,0.33,0.67,0.0
Lithium;United_States;Cinema_of_the_United_States;Star_Wars_Episode_IV__A_New_Hope;Obi-Wan_Kenobi,5,-0.8122101955899914,0.8621315842475868,-0.7077208064693429,0.9543346002541032,0.0,0.33,0.67,0.0,1.0,0.0
Starling;Europe;Africa;Egypt;Nile,5,-0.7444526701356502,0.7358028928035187,-0.9245092929504035,0.9151637601732259,0.33,0.33,0.33,0.33,0.67,0.0
Folklore;Europe;Earth;Dinosaur;Maiasaura,5,-0.8380385465084736,-0.8216419458963544,-0.9487056872313864,-0.8725200571287637,0.33,0.33,0.33,0.0,0.33,0.67
Wasp;Insect;Ultraviolet;Sun;Photon,5,0.9343983877020963,0.8109489967228172,-0.8595734517790927,-0.9734420991231766,0.0,0.67,0.33,0.0,0.33,0.67
Confucius;Life;Animal;Insect;Wasp,5,0.7126674180492947,0.8061451265174027,0.9519532838454228,0.9861311664067358,0.0,1.0,0.0,0.0,1.0,0.0
Inca_Empire;Roman_Catholic_Church;Asia;Earth;Arctic_Circle,5,-0.9095503913246703,-0.8281448570024127,-0.9590193356267648,-0.7749513263780061,0.33,0.67,0.0,0.0,0.33,0.67
Yugoslavia;London;Charles_Dickens;Oliver_Twist;Film,5,-0.9703960451066567,-0.9755459430146988,-0.7005923370058701,-0.7462220517661801,0.0,0.67,0.33,0.33,0.67,0.0
Flute;Serbia;Europe;<;World_War_I,5,1.0,1.0,-0.8713004412230091,-0.7438439003937812,0.67,0.33,0.0,0.33,0.33,0.33
Triceratops;North_America;<;North_America;Panama,5,1.0,1.0,0.9598217045975338,0.9598217045975338,0.67,0.33,0.0,0.67,0.0,0.33
Weasel;Mammal;North_America;United_States;California,5,-0.8574220619040789,-0.9616277625508546,-0.7094705545621908,-0.8094538730405413,0.0,0.67,0.33,0.67,0.33,0.0
Working_poor;United_States;Education_in_the_United_States;Science;Biology,5,-0.9044195096015484,0.7570061147790924,-0.752639643570803,0.9278882726034576,0.0,0.0,1.0,0.33,0.33,0.33
History_of_Greenland;Television;Sound;Wave;Speed_of_light,5,0.9710113114545285,0.847340828314641,0.9553766380665264,0.9833956644622316,0.33,0.67,0.0,0.33,0.33,0.33
Able_Archer_83;Soviet_Union;Russia;Kazakhstan;Almaty,5,0.8964826394477678,0.9139580416251125,0.9743828334320122,0.9684249607085604,0.0,0.67,0.33,0.33,0.33,0.33
African_Wild_Dog;Africa;Egypt;<;Suez_Canal,5,1.0,-1.0,-0.7332655942439739,0.8221889978999838,0.33,0.33,0.33,0.67,0.33,0.0
African_Wild_Dog;Animal;Insect;Beetle;Aphid,5,0.8756286646089332,-0.9529010702788131,0.950650364955258,-0.8215362291131136,0.0,0.67,0.33,0.0,1.0,0.0
Alberto_Santos-Dumont;United_States;Caribbean_Sea;<;Gulf_of_Mexico,5,1.0,1.0,0.9307706872124121,0.9804514809765383,0.67,0.0,0.33,0.33,0.67,0.0
Anguilla;Currency;Country;Japan;Wasabi,5,-0.7535906847457395,-0.7989305934574382,-0.9266331554839505,-0.8366174282019212,0.0,0.67,0.33,0.33,0.33,0.33
Anteater;Ant;<;Ant;Wood,5,1.0,1.0,-0.9811714964829149,-0.9811714964829148,0.67,0.33,0.0,0.67,0.0,0.33
Argon;Earth%27s_atmosphere;United_States;World_War_II;Adolf_Hitler,5,-0.7736267641720973,0.8066807819790566,-0.7493695597529838,0.9903268830071792,0.33,0.33,0.33,0.33,0.67,0.0
Armadillo;University_of_Chicago;Plutonium;Metal;Iridium,5,0.8587346159715887,-0.8150896014960457,0.9094042131188783,-0.7517273123297938,0.0,0.67,0.33,0.33,0.33,0.33
Arsenic;European_Union;United_Kingdom;Wales;Welsh_law,5,-0.7557938368479764,0.8070709712093818,-0.7954198225442384,0.7681972695404546,0.0,1.0,0.0,0.33,0.33,0.33
Augustan_literature;Political_economy;Ecology;Climate;Global_warming,5,0.7306530841652096,-0.8460449421497463,0.701711597503395,-0.8596908309448275,0.67,0.0,0.33,0.0,0.0,1.0
Baker_Island;Pacific_Ocean;Africa;African_Great_Lakes;Lake_Edward,5,-0.8803261275361675,-0.8914646475670992,-0.9699623726500441,-0.9687957914024286,0.33,0.67,0.0,0.33,0.67,0.0
Batholith;Ancient_Rome;Invasion;Battle_of_Marathon;Macedon,5,-0.7454817535637378,-0.9155357216891296,-0.9153408623060987,-0.823718259543126,0.33,0.0,0.67,0.33,0.33,0.33
Battle_of_Normandy;United_States;Mining;Mineral;Feldspar,5,0.7971127807360582,-0.7320861048814664,0.9650349653669082,-0.9123941215766125,0.0,0.67,0.33,0.67,0.33,0.0
Battle_of_Vaslui;Romania;Ancient_Rome;Art;Sculpture,5,-0.7122145978875223,-0.7088259212101262,-0.7652742806890296,-0.7697019707346674,0.33,0.33,0.33,0.33,0.33,0.33
Battle_of_the_Eastern_Solomons;United_States;Mining;Iron;Steel,5,0.9548751193142058,-0.8108950611310918,0.7739952642559522,-0.979996690399546,0.67,0.0,0.33,0.33,0.33,0.33
Beaver;Europe;Black_Sea;Sea;Baltic_Sea,5,0.7190876455429859,-0.7322910731359099,0.7056119045513315,-0.9440859646528106,0.33,0.67,0.0,0.33,0.0,0.67
Beaver;Europe;Asia;Islam;Allah,5,0.9687231166968809,0.7033617788966258,0.9860923811027033,0.7532760058317844,0.33,0.67,0.0,0.0,0.33,0.67
Beet;Italy;Rome;Ancient_Rome;Architecture,5,-0.8104580175717753,0.9632365598364913,-0.9636739741503823,0.9363287183575179,0.33,0.33,0.33,0.33,0.67,0.0
Beryllium;United_States_dollar;Euro;Greece;Parthenon,5,-0.9981229715871267,0.7404089738518256,-0.8258352214340471,0.7001724214724729,0.33,0.33,0.33,0.0,1.0,0.0
Bette_Davis;Television;Broadcasting;Radio;Radio_frequency,5,0.9357245759302127,0.8861887694581634,0.9558047724283112,0.9978552818080317,0.0,0.67,0.33,0.0,0.33,0.67
Bette_Davis;Television;Broadcasting;Radio;Radio_frequency,5,0.9357245759302127,0.8861887694581634,0.9558047724283112,0.9978552818080317,0.0,0.67,0.33,0.0,0.33,0.67
Bette_Davis;Television;Broadcasting;Radio;Radio_frequency,5,0.9357245759302127,0.8861887694581634,0.9558047724283112,0.9978552818080317,0.0,0.67,0.33,0.0,0.33,0.67
Bissau;Palm_oil;Magnesium;Periodic_table;List_of_elements_by_name,5,0.8454178090352987,-0.7320805131443393,0.9003529324464141,-0.9404867283361056,0.33,0.67,0.0,0.0,1.0,0.0
Blade_Runner;Technology;Computer;Electrical_engineering;Magnetism,5,0.806798581754477,0.9961332334491134,0.8107660483185027,0.985259805254902,0.33,0.33,0.33,0.33,0.33,0.33
Blade_Runner;Earth;Tellurium;Periodic_table;Mendelevium,5,0.7284226963168149,0.9827867263061976,0.8104075833448127,0.9109623603460487,0.0,0.67,0.33,0.33,0.33,0.33
Blade_Runner;Earth;Nickel;Periodic_table;Platinum,5,0.8465801703337695,0.8929070800959463,0.9202951395386034,0.8263178375804098,0.33,0.33,0.33,0.33,0.33,0.33
Blaise_Pascal;France;Tunisia;Libya;Egypt,5,0.9345086989496695,0.9117453652608547,0.9044582408827347,0.9482427693677917,0.67,0.0,0.33,0.33,0.33,0.33
Boa;Mammal;Bird;Chicken;Poultry,5,-0.9951296565732008,-0.9067700321071377,-0.8444482782434011,-0.9560591501117236,0.33,0.33,0.33,0.67,0.0,0.33
Bohrium;Periodic_table;<;Periodic_table;Iridium,5,-1.0,1.0,-0.9816463019596232,0.9816463019596232,1.0,0.0,0.0,0.67,0.33,0.0
Box_jellyfish;Australia;Pacific_Ocean;Panama;Panama_Canal,5,0.7092124282255006,0.7979224755353966,0.8165401401141873,0.8722253674270752,0.0,0.33,0.67,0.33,0.67,0.0
Box_jellyfish;Australia;Ireland;Dublin;Guinness,5,0.8004750959637043,0.8002385972383154,0.7944181345811197,0.8462643332881042,0.0,0.67,0.33,0.67,0.33,0.0
Breaker_Morant;Australia;Mammal;<;Emu,5,-1.0,-1.0,0.8312904553770853,0.8613171608233784,0.33,0.33,0.33,0.33,0.67,0.0
Burundi;Time_zone;Earth;Universe;Galaxy,5,-0.7106455496804757,-0.7196649949365048,-0.8671479542037817,-0.9183925345870902,0.33,0.33,0.33,0.0,0.0,1.0
Calvin_and_Hobbes;Baseball;Sport;Football;Rugby_football,5,0.9431681896547773,0.8690236056776656,0.9196235418861923,0.9666326069819421,0.33,0.33,0.33,0.33,0.33,0.33
Calvin_and_Hobbes;Tiger;Cattle;Meat;Poultry,5,0.8791353609306706,0.9420910959159531,0.8017499937208012,0.8890299645049032,0.0,0.67,0.33,0.0,0.0,1.0
Calvin_and_Hobbes;Tiger;Cattle;Meat;Poultry,5,0.8791353609306706,0.9420910959159531,0.8017499937208012,0.8890299645049032,0.0,0.67,0.33,0.0,0.0,1.0
Cambridge;England;France;French_language;Gabon,5,-0.8757459348387215,-0.7513050015477589,-0.7936551573485917,-0.707930831587265,0.0,0.33,0.67,0.67,0.33,0.0
Canadian_House_of_Commons;French_language;African_Union;Africa;Giraffe,5,-0.7182787096181943,-0.8123732507517594,-0.9189956701332458,-0.8675653588235108,0.33,0.33,0.33,0.33,0.67,0.0
Canadian_Senate;United_Kingdom;Republic_of_Ireland;Dublin;Guinness,5,-0.8521050834534007,-0.7955928557713629,-0.9035604023392323,-0.9243674273750219,0.33,0.67,0.0,0.67,0.33,0.0
Celery;English_language;Internet;World_Wide_Web;History_of_the_Internet,5,0.7741265780652343,0.7391943343373645,0.7425624237027028,0.7381286715798286,0.0,0.67,0.33,0.0,0.33,0.67
Celery;Europe;Portugal;Brazil;Bras%C3%ADlia,5,0.8264094709399548,0.8046036859574762,0.9728222003237663,0.9759081208419734,0.67,0.0,0.33,0.33,0.67,0.0
Chelsea_F.C.;England;English_language;Language;Linguistics,5,0.9393192906039773,-0.8385991692686071,0.8565412946066855,-0.8957018093878867,0.0,1.0,0.0,0.33,0.33,0.33
Chernobyl_disaster;North_America;United_States;United_States_Constitution;Fourteenth_Amendment_to_the_United_States_Constitution,5,0.7203233357715275,0.7710350238999126,0.799932257395283,0.798928271430376,0.0,0.0,1.0,0.0,1.0,0.0
Chicken;Protein;Quantum_mechanics;Physics;Plasma_%28physics%29,5,0.9902129943494472,-0.8211320415947977,0.9477051820674603,-0.8325078720101378,0.0,0.67,0.33,0.0,0.67,0.33
Code_of_Hammurabi;Law;Democracy;Autocracy;Despotism,5,-0.7865414306524133,-0.9456031321112198,-0.881103032826414,-0.8432606311446701,0.67,0.33,0.0,0.33,0.33,0.33
Corporate_finance;United_Kingdom;Constitutional_monarchy;Australia;Flag_of_Australia,5,-0.7781310807434231,0.8187497617214021,-0.8964463740010298,0.8570449676062708,0.0,0.33,0.67,0.0,1.0,0.0
Corporation;Roman_Empire;Africa;Mozambique;Maputo,5,-0.9533849900061078,0.8179102173068201,-0.9624387864264035,0.7206342294059848,0.33,0.33,0.33,0.0,0.67,0.33
Crow;South_America;French_language;Canada;Ice_hockey,5,0.8275209162176502,0.8516662255659253,0.8418804664513778,0.8366978685174736,0.0,0.67,0.33,0.0,0.67,0.33
Dakar;Portugal;European_Union;English_language;Old_English_language,5,-0.7797428828914443,-0.8267328951266532,-0.7905452572234885,-0.9108826599883236,0.33,0.33,0.33,0.33,0.33,0.33
David_Attenborough;Fossil;Mineral;Chemical_element;Nitrogen,5,0.9244194465122827,0.9551832254301821,0.9474372445232114,0.9422783487384262,0.0,1.0,0.0,0.0,0.67,0.33
Decade_Volcanoes;Water;Hydrogen;Periodic_table;Aluminium,5,0.9807308078637669,-0.8623998955862894,0.9406517090329412,-0.8749138646572021,0.33,0.33,0.33,0.0,1.0,0.0
Desmond_Tutu;Cape_Town;<;Johannesburg;Gold,5,1.0,-1.0,-0.8038463371403901,0.9657402205144813,0.67,0.33,0.0,0.33,0.33,0.33
Donald_Bradman;Australia;Currency;Madagascar;Niger,5,-0.9009485037896501,0.8480802652095562,0.9903544158034533,-0.7454744891018598,0.0,0.67,0.33,0.67,0.0,0.33
Douglas_Adams;University_of_Cambridge;United_Kingdom;Constitutional_monarchy;Magna_Carta,5,0.8930296117368739,0.8280880539279798,0.8046027824576568,0.8522515439889012,0.0,0.67,0.33,0.0,1.0,0.0
Durian;Asia;Latin;Roman_Empire;Julius_Caesar,5,0.8514398204648221,0.9768327224226974,0.8470919255672215,0.9727522279033601,0.33,0.67,0.0,0.33,0.67,0.0
Edmund_Burke;London;Capital;Bolivia;Sucre,5,0.7556379029495095,0.9046233181934783,0.7697468309991572,0.9873149045872763,0.0,0.33,0.67,0.67,0.33,0.0
Electron_beam_welding;Welding;Metal;Aluminium;Aluminium_chloride,5,0.835056119250788,0.8941756468859042,0.8035733798397074,0.9063556300375373,0.0,0.67,0.33,0.33,0.67,0.0
Elias_Ashmole;Astrology;<;Astrology;Planet,5,1.0,1.0,0.9715364822855518,0.9715364822855516,0.67,0.33,0.0,0.67,0.0,0.33
Eric_Clapton;England;United_Kingdom;Prime_Minister_of_the_United_Kingdom;Winston_Churchill,5,0.9785677975118203,0.957674903738454,0.7914049671904845,0.8335905305373774,0.0,0.67,0.33,0.33,0.67,0.0
Erwin_Rommel;Winston_Churchill;Theodore_Roosevelt;President_of_the_United_States;Chester_A._Arthur,5,0.7699190355409912,-0.8482293728459377,0.9602847472546504,-0.98038118851987,0.0,1.0,0.0,0.33,0.67,0.0
Euphrates;Turkey;Europe;Italy;Milan,5,-0.8124822860620089,0.9738063294302478,-0.83499954061882,0.7405808366648701,0.67,0.33,0.0,0.0,0.67,0.33
Fauna_of_Australia;Antarctica;Russia;Mongolia;Genghis_Khan,5,0.9757480135096078,0.7204570598950464,0.878354928972261,0.9027750501261599,1.0,0.0,0.0,0.33,0.67,0.0
Fermium;Cold_War;United_States;Martin_Luther_King%2C_Jr.;Civil_rights,5,-0.8269242199725739,-0.8720669285959068,-0.8052315214557083,-0.7072454283394993,0.0,0.33,0.67,0.0,1.0,0.0
Florence_Nightingale;London;United_Kingdom;Prime_Minister_of_the_United_Kingdom;Robert_Peel,5,0.9154121969605923,-0.8313753775154596,0.9412858210653781,-0.9828888152265647,0.0,1.0,0.0,0.33,0.67,0.0
Francium;Biology;Plant;Fruit;Pumpkin,5,0.9999632501115162,0.99991247084268,0.7451175067616548,0.7544075951133901,0.0,0.67,0.33,0.0,0.33,0.67
Funchal;Atlantic_Ocean;Republic_of_Ireland;John_Millington_Synge;William_Butler_Yeats,5,-0.984414548160882,-0.7495353993812782,-0.8063142611792767,-0.8070380667373294,0.33,0.33,0.33,0.33,0.67,0.0
George_IV_of_the_United_Kingdom;Cataract;Eye;Cornea;Contact_lens,5,0.9776738219403657,0.9815979566408488,0.9140271183035482,0.9516081027642189,0.0,1.0,0.0,0.0,1.0,0.0
George_I_of_Great_Britain;England;Season;Autumn;Harvest,5,-0.9253203679268805,-0.7757458545199204,-0.9362970477741068,-0.8469362879239922,0.67,0.33,0.0,0.0,0.0,1.0
Great_Auk;Great_Britain;Olympic_Games;Melbourne;Formula_One,5,-0.879640519335794,0.852533561152236,-0.753962385731971,0.967730385942452,0.0,0.67,0.33,0.0,0.33,0.67
Haemophilia;Jew;Canada;Montreal;Montreal_Metro,5,-0.7107438124311293,0.9928990384432447,-0.7269954614811298,0.9744219680522206,0.67,0.33,0.0,0.0,0.67,0.33
Harold_Wilson;Soviet_Union;Time_zone;Earth;Plate_tectonics,5,0.7197118345106581,-0.758800496209602,0.8726807213255233,-0.7522565795795096,0.33,0.33,0.33,0.0,0.33,0.67
Henry_Ford;Ireland;Irish_Sea;Atlantic_Ocean;Baltic_Sea,5,0.9807613558228917,-0.8700284000192745,0.8929635781175719,-0.7210478724752237,0.0,0.67,0.33,0.0,1.0,0.0
Henry_VI_of_England;London;M25_motorway;M1_motorway;M6_motorway,5,0.9208901990908323,-0.9735030793189812,0.879576079980372,-0.900013635677562,0.67,0.33,0.0,0.0,1.0,0.0
Herbig-Haro_object;Hubble_Space_Telescope;European_Space_Agency;United_Kingdom;Scotland,5,-0.9798259471488185,-0.8008793836604627,0.8739876909078523,0.9740476870014804,0.33,0.33,0.33,0.33,0.67,0.0
Hindi;English_language;Latin;Ancient_Rome;Roman_road,5,0.7952410475728557,-0.8707642492007094,-0.9661450516951683,0.9509690539740977,0.67,0.33,0.0,0.0,0.33,0.67
History_of_science;Christopher_Columbus;South_America;Guyana;Georgetown%2C_Guyana,5,0.8004107469344238,0.8378384394197852,0.8620210572770418,0.7811981486272601,0.0,1.0,0.0,0.0,0.67,0.33
Homestar_Runner;Sun;Photosynthesis;Plant;Tree,5,0.9704984204501574,0.8847208687379389,0.889006692584675,0.9867308523273514,0.0,1.0,0.0,0.33,0.67,0.0
Hovercraft;Royal_Navy;Iraq;Mesopotamia;Hammurabi,5,0.9965828657352916,-0.9698930045652606,0.9044567428085698,-0.8143697560398485,0.67,0.33,0.0,0.33,0.33,0.33
Iceland_hotspot;Water;Life;Plant;Weed,5,0.8452913723961414,0.9080372744020379,0.8249311790538364,0.9355409529765543,0.33,0.67,0.0,0.0,0.67,0.33
James_II_of_England;Spain;Madrid;FIFA;FIFA_World_Cup,5,-0.7335224278222914,-0.8875977295871478,-0.8719621853414228,-0.9342999876940239,0.67,0.33,0.0,0.67,0.33,0.0
John_Marshall;England;Winter;Bird;Redwing,5,-0.9917312470637046,-0.8693311013946314,-0.9509104808430775,-0.9847832013535983,0.0,1.0,0.0,0.0,0.67,0.33
Jonah_Lomu;Edinburgh;London;Trafalgar_Square;National_Gallery%2C_London,5,0.9743699776535155,0.8668564156955099,0.8052778597760799,0.7254324767954149,0.0,0.33,0.67,0.0,0.33,0.67
Kashmir_region;United_Nations;Italy;Italian_Renaissance;Renaissance_music,5,-0.7652865720611646,0.9935261480975859,-0.9144110852983767,0.9328193034366076,0.33,0.67,0.0,0.0,1.0,0.0
Krazy_Kat;Nuclear_weapon;Cobalt;Argon;Xenon,5,0.7836595516836345,0.7111828721103841,0.8915653045058489,0.8306277079234748,0.0,0.33,0.67,0.0,0.67,0.33
Krazy_Kat;Nuclear_weapon;Uranium;Periodic_table;Xenon,5,0.9956042776883468,0.991262596192393,0.8387323737253283,0.8916424508011079,0.33,0.33,0.33,0.33,0.33,0.33
Lhasa;Austria;Turkey;Cyprus;Akrotiri_and_Dhekelia,5,-0.8105696122269458,-0.8421222612476813,-0.8514212679266553,-0.8450837901899806,1.0,0.0,0.0,0.0,0.67,0.33
List_of_U.S._states_by_date_of_statehood;American_Civil_War;Europe;Turkey;Byzantine_Empire,5,0.8979254857457122,0.8401759767182879,-0.8569850590024982,-0.7997478552067057,0.33,0.67,0.0,0.0,0.67,0.33
List_of_essential_oils;Biodiesel;Photosynthesis;Hydrogen;Gas_giant,5,0.829534475747994,0.7733030592108046,-0.9082324913892798,-0.8395603342034895,0.33,0.67,0.0,0.67,0.0,0.33
List_of_sovereign_states;List_of_circulating_currencies;<;Time_zone;Earth,5,1.0,1.0,-0.7600054014736612,-0.8879079600627454,0.33,0.33,0.33,0.33,0.33,0.33
Lothal;Climate;Weather;Earth;Mount_Everest,5,0.7296194614931122,-0.9773365344999179,0.9003022080615143,-0.8629475326591168,0.0,0.67,0.33,0.0,0.0,1.0
Lunar_eclipse;Sunlight;Photosynthesis;Plant;Fungus,5,0.7721559635552103,0.7845831333457464,0.7527618182931459,0.7647723279832159,0.0,0.67,0.33,0.0,0.67,0.33
Lunar_eclipse;Christopher_Columbus;Atlantic_Ocean;Ocean;Indian_Ocean,5,0.8850254747958157,0.7002819302635551,0.918685480824589,0.7546803681010953,0.33,0.33,0.33,0.33,0.0,0.67
Mackenzie_River;Pacific_Ocean;Africa;Lion;Antelope,5,-0.9027654475509196,-0.9302004338107999,-0.9790379315736645,-0.9083471059879576,0.33,0.67,0.0,0.67,0.33,0.0
Mancala;Africa;Zimbabwe;Zambia;Lake_Kariba,5,-0.8100997583730141,0.9195740874094086,-0.7995550246025903,0.9008218629694459,0.33,0.67,0.0,0.0,1.0,0.0
Mary_I_of_Scotland;Cholera;Bacteria;Cell_%28biology%29;Organism,5,0.8329866627957897,0.7031876193967049,0.9979717234167693,0.9816586163305788,0.33,0.33,0.33,0.33,0.33,0.33
Mary_I_of_Scotland;Cholera;Bacteria;Virus;Organism,5,0.7995305700580678,0.9800503525505838,0.931897978286921,0.9125163214080383,0.67,0.0,0.33,0.0,0.33,0.67
Mary_I_of_Scotland;Cholera;Bacteria;Cell_%28biology%29;Organism,5,0.8329866627957897,0.7031876193967049,0.9979717234167693,0.9816586163305788,0.33,0.33,0.33,0.33,0.33,0.33
Measles;United_Kingdom;Prime_Minister_of_the_United_Kingdom;List_of_Prime_Ministers_of_the_United_Kingdom;James_Callaghan,5,0.8706141876305217,0.917116804478168,0.88149896889179,0.928683144030781,0.33,0.67,0.0,0.33,0.67,0.0
Measles;United_Kingdom;Prime_Minister_of_the_United_Kingdom;List_of_Prime_Ministers_of_the_United_Kingdom;James_Callaghan,5,0.8706141876305217,0.917116804478168,0.88149896889179,0.928683144030781,0.33,0.67,0.0,0.33,0.67,0.0
Mercantilism;Germany;Netherlands;Dutch_language;Hollandic,5,0.9082081987831411,-0.9610763106856177,0.989267803738663,-0.9559747545512441,0.33,0.67,0.0,0.0,0.33,0.67
Mercia;England;<;United_Kingdom;Constitutional_monarchy,5,-1.0,-0.9999999999999999,-0.7314223874669165,-0.8825731303410134,0.33,0.67,0.0,0.33,0.33,0.33
Miguel_de_Cervantes;Spain;North_Africa;Africa;Mozambique,5,0.8718141681688156,-0.8063892664431219,0.9087849914868045,-0.8616591107316653,0.0,0.33,0.67,0.67,0.33,0.0
Milgram_experiment;United_Kingdom;Hydrogen;Periodic_table;Sodium,5,0.8472610856162796,0.8206127018344299,0.7794128375855438,0.7365199518846709,0.67,0.0,0.33,0.0,0.67,0.33
Milgram_experiment;Jerusalem;Middle_East;United_Arab_Emirates;Emirate,5,0.8630617323140891,0.8845690478301411,0.8149894255350533,0.8894328477224636,0.0,0.33,0.67,0.33,0.33,0.33
Minstrel_show;United_States;China;Mongolia;Mongol_Empire,5,0.8255566395325509,0.9634792644067174,0.9828681093630468,0.7971984947593318,0.33,0.33,0.33,0.0,1.0,0.0
Monoclonius;Canada;United_Kingdom;British_House_of_Commons;Liberal_Democrats,5,0.8952520718648105,0.9748289133772429,0.9775324240003148,0.7060505239334125,0.0,1.0,0.0,0.0,1.0,0.0
Morecambe_Bay;China;God;Allah;Islam,5,0.8475501732794642,-0.9040076792157437,0.8877170368055354,-0.8831776860945194,0.33,0.67,0.0,0.0,0.67,0.33
Mount_Pinatubo;United_States;Great_Lakes;Minnesota;Minneapolis%2C_Minnesota,5,0.850473496685987,0.8943293085478613,0.8073498594124145,0.8573317160578333,0.33,0.33,0.33,0.33,0.67,0.0
Mount_Rushmore;United_States;Judaism;Names_of_God_in_Judaism;God,5,0.874876187243486,-0.9643861930746495,0.7200559653342856,-0.9253831895160891,0.0,0.67,0.33,0.0,1.0,0.0
Mount_Rushmore;United_States;Judaism;Names_of_God_in_Judaism;God,5,0.874876187243486,-0.9643861930746495,0.7200559653342856,-0.9253831895160891,0.0,0.67,0.33,0.0,1.0,0.0
Natalie_Portman;World_War_II;<;World_War_II;Flanders,5,-1.0,-1.0,0.8693981878826198,0.8693981878826198,0.67,0.33,0.0,0.67,0.0,0.33
Netball;South_Africa;<;South_Africa;Cape_Town,5,1.0,1.0,0.9280713329573973,0.9280713329573972,0.67,0.0,0.33,0.67,0.0,0.33
Nintendo;North_America;Rocky_Mountains;Skiing;Snow,5,0.7474316254634031,0.7156503322747213,0.9602517057458562,0.9555954888687455,0.0,0.33,0.67,0.33,0.33,0.33
Nintendo;Asia;Middle_East;Afghanistan;Osama_bin_Laden,5,0.9458984898984085,0.9370349066886894,0.9787026480242654,0.9884968983441417,0.0,0.67,0.33,0.0,0.67,0.33
Nintendo_DS;Europe;Herbivore;Fruit;Apple,5,0.7694682347822103,0.8192482435974412,0.8206596383232676,0.8210398245057131,0.33,0.67,0.0,0.0,1.0,0.0
Nintendo_Entertainment_System;Central_processing_unit;Computer;Boolean_logic;Logic,5,0.8987792523428347,0.900340174648416,0.7716211683088025,0.9324738367294979,0.0,1.0,0.0,0.33,0.0,0.67
Northwest_Africa;Europe;Renaissance;Art;Abstract_art,5,-0.885139650377337,-0.9341994706911056,-0.842498131279563,-0.8722283427177707,0.0,0.67,0.33,0.33,0.0,0.67
Oil_painting;Chemistry;Atom;Quantum_mechanics;Quantum_chemistry,5,-0.9790317917747964,-0.8862251134226651,-0.9345120397089659,-0.7502922443296421,0.67,0.33,0.0,0.0,0.33,0.67
Okapi;Europe;World_War_II;Blitzkrieg;The_Blitz,5,-0.895022685136358,0.8067601286981342,-0.8487808005905331,0.9390735731155574,0.0,0.33,0.67,0.33,0.0,0.67
Ottawa;Cold_War;Soviet_Union;Sputnik_1;Sputnik_program,5,-0.7451525086402453,-0.7326438686806471,-0.7889025651559177,-0.7134170916920761,0.0,0.0,1.0,0.33,0.33,0.33
Pac-Man;United_States;Bald_Eagle;Bird_of_prey;Hawk,5,0.865029448443683,0.8079245503228225,0.9075938663820035,0.9358411358702319,0.33,0.33,0.33,0.33,0.67,0.0
Palestinian_territories;Ottoman_Empire;Europe;Sweden;Viking,5,-0.9133221149488305,0.864371433082588,-0.8559902986856002,0.7261033983767752,0.33,0.33,0.33,0.0,0.33,0.67
Patna;United_States;Republic_of_Ireland;Dublin;Guinness,5,0.9435763380806692,0.8335043156408294,0.996923294284358,0.9118256604774975,0.33,0.33,0.33,0.67,0.33,0.0
Pennine_Way;United_States;Martin_Luther_King%2C_Jr.;Malcolm_X;Muhammad_Ali,5,-0.9077814649007421,-0.7303452470074193,-0.958337189070274,-0.863495251666097,0.33,0.0,0.67,0.0,0.67,0.33
Pterosaur;19th_century;China;Mongolia;Genghis_Khan,5,0.850066735485494,0.8328221169316616,0.9498002698293024,0.7060741981552824,0.67,0.33,0.0,0.0,0.67,0.33
Pterosaur;Brazil;Football_%28soccer%29;England;Football,5,0.7161724262664639,0.8522067546636017,0.8743745483265775,0.7672325904471677,0.0,1.0,0.0,0.33,0.33,0.33
Railway_post_office;United_Kingdom;England;Norfolk;Boudica,5,0.9788516494481303,0.950868921476702,0.9961327466728535,0.9604531780370092,0.33,0.67,0.0,0.0,1.0,0.0
Red_rain_in_Kerala;India;Indian_Ocean;Pacific_Ocean;Palau,5,0.8803896920500901,0.8671622427824803,0.8129081768351496,0.8479295993686129,0.33,0.33,0.33,0.0,0.67,0.33
Richard_Nixon;California;Mining;Mineral;Calcite,5,0.9110777664381423,-0.9315755427331964,0.9725858029114822,-0.9955540525378612,0.0,1.0,0.0,0.33,0.67,0.0
Ringed_Plover;Europe;French_Revolution;Age_of_Enlightenment;Jean-Jacques_Rousseau,5,-0.7614380473536473,-0.8228287549236092,-0.9417739804816436,-0.8212056664493147,0.33,0.67,0.0,0.0,0.0,1.0
Rock_of_Gibraltar;Mediterranean_Sea;<;Europe;Estonia,5,0.9999999999999998,-1.0,0.8437344595396776,-0.9591694651204203,0.33,0.67,0.0,0.33,0.33,0.33
Rococo;Germany;United_States;California;San_Jose%2C_California,5,0.7583584571714881,0.9335223391556253,0.7306594354260528,0.7578988831777521,0.0,1.0,0.0,0.0,0.67,0.33
Shaka;19th_century;Marie_Curie;Physics;Archimedes,5,-0.9462152298020073,-0.9937895384175635,-0.7697623285819054,-0.7765881173188652,0.0,0.33,0.67,0.0,0.67,0.33
Skylark;Europe;United_Kingdom;Jane_Austen;Pride_and_Prejudice,5,-0.7571275043209711,-0.7928228346428827,-0.7975503761223309,-0.7586484174110838,0.33,0.33,0.33,0.0,0.67,0.33
Sociocultural_evolution;Industrial_Revolution;Petroleum;Global_warming;Greenhouse_effect,5,-0.7157280381701536,-0.9432140155552676,-0.8775091742648262,-0.9134225753859518,0.0,0.67,0.33,0.0,0.33,0.67
Spring_Heeled_Jack;Houston%2C_Texas;1973_oil_crisis;United_Arab_Emirates;Emirate,5,0.8112405083237227,0.7548032208187666,0.7469586287185749,0.7090240769689995,0.0,0.0,1.0,0.0,0.67,0.33
Stephen_Harper;The_Beatles;United_Kingdom;English_language;British_English,5,0.7559707502328835,-0.85629065823644,0.8194597535565797,-0.797880162826346,0.33,0.67,0.0,0.0,0.33,0.67
Sumer;Barley;Plant;Weed;Dandelion,5,0.8139288158543525,0.7230220820076809,0.8294237312880867,0.9032541217706039,0.0,1.0,0.0,0.33,0.67,0.0
Superconductivity;Civilization_%28computer_game%29;Microsoft_Windows;GNU;Unix,5,0.8515946386186736,0.7458607413483611,0.7406926455989323,0.7801972021451676,0.33,0.67,0.0,0.33,0.0,0.67
The_Dandy;Dundee;United_Kingdom;University_of_Cambridge;Cambridge,5,0.8181054978697528,-0.9718974364820032,0.7996641686416983,-0.9587189191151109,0.0,1.0,0.0,0.33,0.67,0.0
The_X-Files;United_States;North_Africa;Africa;African_Great_Lakes,5,0.843302745867536,0.768440727640821,0.7186889115425081,0.7739994126541451,0.0,0.0,1.0,0.67,0.33,0.0
Theatre;Brazil;Rainforest;Mammal;Zebra,5,0.8167790246467521,0.9718866009123832,0.7574043896431055,0.9599977711531295,0.67,0.33,0.0,0.0,0.67,0.33
Theatre;Brazil;Amazon_Rainforest;Mammal;Zebra,5,0.8602716882671468,0.9439673147114417,0.9176663517942227,0.8950835113448168,0.0,1.0,0.0,0.0,1.0,0.0
Theatre;Brazil;Amazon_Rainforest;Mammal;Zebra,5,0.8602716882671468,0.9439673147114417,0.9176663517942227,0.8950835113448168,0.0,1.0,0.0,0.0,1.0,0.0
Theatre;United_States;Agriculture;Horse;Zebra,5,0.8053661612439554,0.7385556196273626,0.7907701718275001,0.7709971234707795,0.0,0.33,0.67,0.33,0.67,0.0
Timur;Iron;Universe;Galaxy;Red_dwarf,5,-0.8295236282840308,-0.8660711931080706,-0.7871084854809469,-0.946622842678702,0.67,0.0,0.33,0.0,0.0,1.0
Tourette_syndrome;Psychology;<;Psychology;Noam_Chomsky,5,1.0,-1.0,0.9512161393736178,-0.9512161393736176,1.0,0.0,0.0,0.67,0.33,0.0
Trench_warfare;World_War_I;Italy;European_Union;Portugal,5,0.859040938563899,-0.9618281248375329,0.7354637348772565,-0.7587130132573843,0.0,1.0,0.0,0.67,0.33,0.0
Tutsi;Africa;Zimbabwe;Zambezi;Lake_Kariba,5,0.7975204025270066,0.8921285119429928,0.960731640955326,0.7944093306666375,0.33,0.33,0.33,0.0,1.0,0.0
Uranus;London;Anglicanism;Archbishop_of_Canterbury;Canterbury,5,0.8800001244323873,0.7269051694827869,0.77479395071896,0.7392444679367427,0.0,0.67,0.33,0.0,0.67,0.33
Vincent_van_Gogh;Coal;Iron;Chemical_element;Ununoctium,5,0.9630721133539616,-0.8722105673595266,0.9028709698236335,-0.9579818647743032,0.67,0.33,0.0,0.0,0.67,0.33
Virtuti_Militari;United_Kingdom;England;London;Piccadilly_Circus,5,0.8640281082659585,-0.7629401741696723,0.7822968658117014,-0.7450970329226421,0.33,0.67,0.0,0.0,1.0,0.0
Volcanic_pipe;Magnesium;Chemical_element;List_of_elements_by_name;Americium,5,0.9382240880348025,-0.7904083410565775,0.7956786944293239,-0.866284595361558,0.33,0.33,0.33,0.0,0.67,0.33
Volleyball;Asia;Continent;Africa;Ghana,5,-0.890652450540403,-0.727724173217647,-0.9783492831667756,-0.8148910083118575,0.67,0.33,0.0,0.33,0.33,0.33
WTA_Tour_Championships;Germany;United_Kingdom;Charles_Darwin;The_Origin_of_Species,5,-0.9489221809513467,-0.9245588457278743,-0.8678557935823673,-0.8611964711224963,0.0,0.33,0.67,0.0,0.67,0.33
Wader;North_America;Denmark;Germany;German_language,5,-0.9360877755829244,-0.9665687445850383,-0.8034721164740919,-0.7800723776382021,0.33,0.33,0.33,1.0,0.0,0.0
Warren_G._Harding;Napoleon_I_of_France;Switzerland;Z%C3%BCrich;Geneva,5,0.9335319829878638,0.9312746963647093,0.7735770151054961,0.7492141138677979,0.0,0.33,0.67,0.0,0.67,0.33
Yak;Cheese;United_Kingdom;J._K._Rowling;Harry_Potter,5,-0.9333308152373342,-0.9004918355968511,-0.9220221138276958,-0.8339544356853329,0.33,0.33,0.33,0.0,0.33,0.67
ZX_Spectrum;Poland;World_War_II;<;World_War_I,5,-1.0,1.0,-0.8979881673424943,0.9716916341689611,0.33,0.33,0.33,0.33,0.67,0.0
Rubik%27s_Cube;Communism;Marxism;Libertarianism;Anarchism,5,0.8500636070199615,0.9724793576250433,0.9945078297680168,0.7653361456402992,0.33,0.67,0.0,0.0,0.33,0.67
